{
  "hash": "60551834",
  "configHash": "4739ced9",
  "lockfileHash": "d92fbb16",
  "browserHash": "2d86ccae",
  "optimized": {
    "@angular/common": {
      "src": "../../../../../node_modules/@angular/common/fesm2022/common.mjs",
      "file": "@angular_common.js",
      "fileHash": "d278ed6c",
      "needsInterop": false
    },
    "@angular/common/http": {
      "src": "../../../../../node_modules/@angular/common/fesm2022/http.mjs",
      "file": "@angular_common_http.js",
      "fileHash": "63541b73",
      "needsInterop": false
    },
    "@angular/core": {
      "src": "../../../../../node_modules/@angular/core/fesm2022/core.mjs",
      "file": "@angular_core.js",
      "fileHash": "7c89e6d6",
      "needsInterop": false
    },
    "@angular/forms": {
      "src": "../../../../../node_modules/@angular/forms/fesm2022/forms.mjs",
      "file": "@angular_forms.js",
      "fileHash": "8e9dd1a2",
      "needsInterop": false
    },
    "@angular/platform-browser": {
      "src": "../../../../../node_modules/@angular/platform-browser/fesm2022/platform-browser.mjs",
      "file": "@angular_platform-browser.js",
      "fileHash": "5048bb9e",
      "needsInterop": false
    },
    "@angular/platform-browser/animations": {
      "src": "../../../../../node_modules/@angular/platform-browser/fesm2022/animations.mjs",
      "file": "@angular_platform-browser_animations.js",
      "fileHash": "53c2d092",
      "needsInterop": false
    },
    "@angular/router": {
      "src": "../../../../../node_modules/@angular/router/fesm2022/router.mjs",
      "file": "@angular_router.js",
      "fileHash": "05b8eccb",
      "needsInterop": false
    },
    "@microsoft/signalr": {
      "src": "../../../../../node_modules/@microsoft/signalr/dist/esm/index.js",
      "file": "@microsoft_signalr.js",
      "fileHash": "56e6b525",
      "needsInterop": false
    },
    "@ng-bootstrap/ng-bootstrap": {
      "src": "../../../../../node_modules/@ng-bootstrap/ng-bootstrap/fesm2022/ng-bootstrap.mjs",
      "file": "@ng-bootstrap_ng-bootstrap.js",
      "fileHash": "6f36a604",
      "needsInterop": false
    },
    "jwt-decode": {
      "src": "../../../../../node_modules/jwt-decode/build/esm/index.js",
      "file": "jwt-decode.js",
      "fileHash": "23b627f8",
      "needsInterop": false
    },
    "ngx-bootstrap/carousel": {
      "src": "../../../../../node_modules/ngx-bootstrap/carousel/fesm2022/ngx-bootstrap-carousel.mjs",
      "file": "ngx-bootstrap_carousel.js",
      "fileHash": "26d8fea5",
      "needsInterop": false
    },
    "ngx-infinite-scroll": {
      "src": "../../../../../node_modules/ngx-infinite-scroll/fesm2022/ngx-infinite-scroll.mjs",
      "file": "ngx-infinite-scroll.js",
      "fileHash": "eca6dd67",
      "needsInterop": false
    },
    "rxjs": {
      "src": "../../../../../node_modules/rxjs/dist/esm5/index.js",
      "file": "rxjs.js",
      "fileHash": "5cac10f4",
      "needsInterop": false
    },
    "rxjs/operators": {
      "src": "../../../../../node_modules/rxjs/dist/esm5/operators/index.js",
      "file": "rxjs_operators.js",
      "fileHash": "275d3eee",
      "needsInterop": false
    }
  },
  "chunks": {
    "chunk-ONJ7XG7F": {
      "file": "chunk-ONJ7XG7F.js"
    },
    "chunk-DNI3XFY2": {
      "file": "chunk-DNI3XFY2.js"
    },
    "chunk-4555S7PN": {
      "file": "chunk-4555S7PN.js"
    },
    "chunk-QSH2I5TR": {
      "file": "chunk-QSH2I5TR.js"
    },
    "chunk-O2GTAQZE": {
      "file": "chunk-O2GTAQZE.js"
    },
    "chunk-MJQNUHK2": {
      "file": "chunk-MJQNUHK2.js"
    },
    "chunk-MOY5LPCH": {
      "file": "chunk-MOY5LPCH.js"
    },
    "chunk-SAI3DHVA": {
      "file": "chunk-SAI3DHVA.js"
    },
    "chunk-X6JV76XL": {
      "file": "chunk-X6JV76XL.js"
    }
  }
}